{
  "CPU": {
    "total_training_time": 455.0295329093933,
    "average_epoch_time": 45.50275421142578,
    "train_losses": [
      1.635078077426042,
      1.2269007138279089,
      1.0606824068157263,
      0.9556027493818336,
      0.8805661108487707,
      0.7663774629078253,
      0.738384541038357,
      0.7185572310329398,
      0.7069218283723993,
      0.6952308833294207
    ],
    "train_accuracies": [
      39.276,
      56.264,
      62.846,
      66.982,
      69.91,
      73.698,
      74.798,
      75.152,
      75.59,
      76.132
    ],
    "epoch_times": [
      45.60505771636963,
      45.11429691314697,
      45.27555203437805,
      45.424187898635864,
      45.39116811752319,
      44.999654054641724,
      45.20983290672302,
      46.98777961730957,
      45.52563190460205,
      45.494380950927734
    ],
    "test_accuracy": 77.38,
    "final_train_accuracy": 76.132
  },
  "MPS": {
    "total_training_time": 204.58020973205566,
    "average_epoch_time": 20.457836699485778,
    "train_losses": [
      1.614860235577654,
      1.2293065185742,
      1.053756821338478,
      0.9499452290937419,
      0.8758344946005155,
      0.753987565064979,
      0.7251081597774535,
      0.7089070123632241,
      0.6948555438109981,
      0.6857420115367227
    ],
    "train_accuracies": [
      40.43,
      56.076,
      63.022,
      67.116,
      69.762,
      73.906,
      75.108,
      75.566,
      76.012,
      76.284
    ],
    "epoch_times": [
      24.128684043884277,
      19.722207069396973,
      19.919930934906006,
      19.832507133483887,
      19.697405099868774,
      20.146437168121338,
      19.84847092628479,
      19.83071208000183,
      21.195067167282104,
      20.256945371627808
    ],
    "test_accuracy": 77.27,
    "final_train_accuracy": 76.284
  }
}