{
  "CPU": {
    "total_training_time": 458.6293179988861,
    "average_epoch_time": 45.86269233226776,
    "train_losses": [
      1.62474243201868,
      1.2086994196752758,
      1.050657534081003,
      0.9506509464110255,
      0.8817903443675517,
      0.7552035601090288,
      0.725867901311811,
      0.7111006365407764,
      0.6970011101049536,
      0.682861593144629
    ],
    "train_accuracies": [
      40.114,
      56.734,
      63.21,
      67.022,
      69.616,
      73.868,
      74.826,
      75.528,
      76.086,
      76.408
    ],
    "epoch_times": [
      45.87594509124756,
      45.209532260894775,
      45.85076189041138,
      47.67746090888977,
      45.65016770362854,
      44.824538230895996,
      45.189244985580444,
      45.46189498901367,
      46.21941924095154,
      46.66795802116394
    ],
    "test_accuracy": 76.63,
    "final_train_accuracy": 76.408
  },
  "MPS": {
    "total_training_time": 199.288067817688,
    "average_epoch_time": 19.928623104095458,
    "train_losses": [
      1.6149015594321443,
      1.2199604875596284,
      1.0515645138747858,
      0.9492516199036327,
      0.8706063681551258,
      0.74417024324922,
      0.715759293502554,
      0.6980917100863688,
      0.6834860174247371,
      0.6719828289945412
    ],
    "train_accuracies": [
      40.22,
      56.298,
      63.236,
      67.266,
      69.726,
      74.436,
      75.174,
      75.802,
      76.456,
      76.784
    ],
    "epoch_times": [
      20.962866067886353,
      20.308563947677612,
      20.188171863555908,
      19.817564964294434,
      19.52708101272583,
      19.9547700881958,
      19.900594234466553,
      19.35406804084778,
      19.762314081192017,
      19.510236740112305
    ],
    "test_accuracy": 76.96,
    "final_train_accuracy": 76.784
  }
}