{
  "CPU": {
    "total_training_time": 451.0231580734253,
    "average_epoch_time": 45.102169799804685,
    "train_losses": [
      1.6281390549886563,
      1.2043246041478404,
      1.0420985493208745,
      0.9374559696982888,
      0.8684019007341331,
      0.7509416805203918,
      0.7194874634980546,
      0.7011728921662206,
      0.6937412592913489,
      0.6768308010552545
    ],
    "train_accuracies": [
      39.486,
      57.208,
      63.47,
      67.446,
      70.094,
      74.222,
      75.306,
      75.978,
      76.054,
      76.42
    ],
    "epoch_times": [
      44.53213691711426,
      45.10003113746643,
      45.12998867034912,
      45.02794075012207,
      45.1740837097168,
      45.49562907218933,
      45.45618295669556,
      44.9435498714447,
      45.20325183868408,
      44.958903074264526
    ],
    "test_accuracy": 76.76,
    "final_train_accuracy": 76.42
  },
  "MPS": {
    "total_training_time": 198.76322603225708,
    "average_epoch_time": 19.876163291931153,
    "train_losses": [
      1.6104684260190296,
      1.2122710476750913,
      1.0527375479183538,
      0.9459542871436195,
      0.8753030678195417,
      0.7608144813029053,
      0.7276338239002715,
      0.7062136357092796,
      0.7001066162153278,
      0.6869187931270551
    ],
    "train_accuracies": [
      40.716,
      56.474,
      63.334,
      67.462,
      69.992,
      73.832,
      75.06,
      75.632,
      76.208,
      76.472
    ],
    "epoch_times": [
      20.310943841934204,
      19.212403059005737,
      19.39323616027832,
      20.249807834625244,
      19.43959093093872,
      20.34177017211914,
      20.42447781562805,
      19.734734058380127,
      19.871163845062256,
      19.78350520133972
    ],
    "test_accuracy": 76.54,
    "final_train_accuracy": 76.472
  }
}